month,indicator,value
2015-01,cpi,0.8
2015-01,lpr_1y,5.51
2015-01,m0,-17.6
2015-01,m1,10.6
2015-01,m2,10.8
2015-01,pmi,50.1
2015-01,ppi,-4.3
2015-01,us_cpi,-0.1
2015-02,cpi,1.4
2015-02,industrial_production,6.8
2015-02,lpr_1y,5.51
2015-02,m0,17.0
2015-02,m1,5.6
2015-02,m2,12.5
2015-02,pmi,49.8
2015-02,ppi,-4.8
2015-02,sf_enterprise,9296.49
2015-02,sf_household,2119.47
2015-02,us_cpi,0.0
2015-03,cpi,1.4
2015-03,industrial_production,5.6
2015-03,lpr_1y,5.3
2015-03,m0,6.2
2015-03,m1,2.9
2015-03,m2,11.6
2015-03,pmi,49.9
2015-03,ppi,-4.6
2015-03,retail_sales,10.2445321
2015-03,sf_enterprise,7388.32
2015-03,sf_household,2511.07
2015-03,us_cpi,-0.1
2015-04,cpi,1.5
2015-04,industrial_production,5.9
2015-04,lpr_1y,5.3
2015-04,m0,3.7
2015-04,m1,3.7
2015-04,m2,10.1
2015-04,pmi,50.1
2015-04,ppi,-4.6
2015-04,retail_sales,10.00244532
2015-04,sf_enterprise,5099.53
2015-04,sf_household,2923.46
2015-04,us_cpi,-0.2
2015-05,cpi,1.2
2015-05,industrial_production,6.1
2015-05,lpr_1y,5.05
2015-05,m0,1.8
2015-05,m1,4.7
2015-05,m2,10.8
2015-05,pmi,50.1
2015-05,ppi,-4.6
2015-05,retail_sales,10.1302089
2015-05,sf_enterprise,5397.37
2015-05,sf_household,3109.8
2015-05,us_cpi,0.0
2015-06,cpi,1.4
2015-06,industrial_production,6.8
2015-06,lpr_1y,4.8
2015-06,m0,2.9
2015-06,m1,4.3
2015-06,m2,11.8
2015-06,pmi,50.2
2015-06,ppi,-4.8
2015-06,retail_sales,10.63195199
2015-06,sf_enterprise,8594.72
2015-06,sf_household,4612.8
2015-06,us_cpi,0.1
2015-07,cpi,1.6
2015-07,industrial_production,6.0
2015-07,lpr_1y,4.8
2015-07,m0,2.9
2015-07,m1,6.6
2015-07,m2,13.3
2015-07,pmi,50.2
2015-07,ppi,-5.4
2015-07,retail_sales,10.5
2015-07,sf_enterprise,3126.9
2015-07,sf_household,2752.43
2015-07,us_cpi,0.2
2015-08,cpi,2.0
2015-08,industrial_production,6.1
2015-08,lpr_1y,4.55
2015-08,m0,1.8
2015-08,m1,9.3
2015-08,m2,13.3
2015-08,pmi,50.0
2015-08,ppi,-5.9
2015-08,retail_sales,10.79231685
2015-08,sf_enterprise,4209.82
2015-08,sf_household,3530.09
2015-08,us_cpi,0.2
2015-09,cpi,1.6
2015-09,industrial_production,5.7
2015-09,lpr_1y,4.55
2015-09,m0,3.7
2015-09,m1,11.4
2015-09,m2,13.1
2015-09,pmi,49.7
2015-09,ppi,-5.9
2015-09,retail_sales,10.9
2015-09,sf_enterprise,6205.96
2015-09,sf_household,4201.95
2015-09,us_cpi,0.0
2015-10,cpi,1.3
2015-10,industrial_production,5.6
2015-10,lpr_1y,4.3
2015-10,m0,3.8
2015-10,m1,14.0
2015-10,m2,13.5
2015-10,pmi,49.8
2015-10,ppi,-5.9
2015-10,retail_sales,11.02340137
2015-10,sf_enterprise,3880.91
2015-10,sf_household,1671.03
2015-10,us_cpi,0.2
2015-11,cpi,1.5
2015-11,industrial_production,6.2
2015-11,lpr_1y,4.3
2015-11,m0,3.2
2015-11,m1,15.7
2015-11,m2,13.7
2015-11,pmi,49.8
2015-11,ppi,-5.9
2015-11,retail_sales,11.17222839
2015-11,sf_enterprise,5011.14
2015-11,sf_household,3844.29
2015-11,us_cpi,0.5
2015-12,cpi,1.6
2015-12,industrial_production,5.9
2015-12,lpr_1y,4.3
2015-12,m0,4.9
2015-12,m1,15.2
2015-12,m2,13.3
2015-12,pmi,49.6
2015-12,ppi,-5.9
2015-12,retail_sales,11.1
2015-12,sf_enterprise,5110.82
2015-12,sf_household,3183.64
2015-12,us_cpi,0.7
2016-01,cpi,1.8
2016-01,lpr_1y,4.3
2016-01,m0,15.05
2016-01,m1,18.55
2016-01,m2,13.97
2016-01,pmi,49.7
2016-01,ppi,-5.3
2016-01,sf_enterprise,19260.37
2016-01,sf_household,6169.23
2016-01,us_cpi,1.4
2016-02,cpi,2.3
2016-02,industrial_production,5.4
2016-02,lpr_1y,4.3
2016-02,m0,-4.77
2016-02,m1,17.36
2016-02,m2,13.3
2016-02,pmi,49.4
2016-02,ppi,-4.9
2016-02,sf_enterprise,8107.33
2016-02,sf_household,-65.13
2016-02,us_cpi,1.0
2016-03,cpi,2.3
2016-03,industrial_production,6.8
2016-03,lpr_1y,4.3
2016-03,m0,4.36
2016-03,m1,22.05
2016-03,m2,13.4
2016-03,pmi,49.0
2016-03,ppi,-4.3
2016-03,retail_sales,10.5
2016-03,sf_enterprise,6729.63
2016-03,sf_household,6437.41
2016-03,us_cpi,0.9
2016-04,cpi,2.3
2016-04,industrial_production,6.0
2016-04,lpr_1y,4.3
2016-04,m0,5.97
2016-04,m1,22.92
2016-04,m2,12.84
2016-04,pmi,50.2
2016-04,ppi,-3.4
2016-04,retail_sales,10.1
2016-04,sf_enterprise,1415.3
2016-04,sf_household,4216.84
2016-04,us_cpi,1.1
2016-05,cpi,2.0
2016-05,industrial_production,6.0
2016-05,lpr_1y,4.3
2016-05,m0,6.27
2016-05,m1,23.66
2016-05,m2,11.81
2016-05,pmi,50.1
2016-05,ppi,-2.8
2016-05,retail_sales,10.0
2016-05,sf_enterprise,3596.79
2016-05,sf_household,5759.2
2016-05,us_cpi,1.0
2016-06,cpi,1.9
2016-06,industrial_production,6.2
2016-06,lpr_1y,4.3
2016-06,m0,7.19
2016-06,m1,24.59
2016-06,m2,11.78
2016-06,pmi,50.1
2016-06,ppi,-2.6
2016-06,retail_sales,10.6
2016-06,sf_enterprise,6089.8
2016-06,sf_household,7036.0
2016-06,us_cpi,1.0
2016-07,cpi,1.8
2016-07,industrial_production,6.0
2016-07,lpr_1y,4.3
2016-07,m0,7.23
2016-07,m1,25.43
2016-07,m2,10.22
2016-07,pmi,50.0
2016-07,ppi,-1.7
2016-07,retail_sales,10.2
2016-07,sf_enterprise,-25.59
2016-07,sf_household,4575.27
2016-07,us_cpi,0.8
2016-08,cpi,1.3
2016-08,industrial_production,6.3
2016-08,lpr_1y,4.3
2016-08,m0,7.44
2016-08,m1,25.29
2016-08,m2,11.35
2016-08,pmi,49.9
2016-08,ppi,-0.8
2016-08,retail_sales,10.6
2016-08,sf_enterprise,1209.25
2016-08,sf_household,6755.39
2016-08,us_cpi,1.1
2016-09,cpi,1.9
2016-09,industrial_production,6.1
2016-09,lpr_1y,4.3
2016-09,m0,6.6
2016-09,m1,24.7
2016-09,m2,11.5
2016-09,pmi,50.4
2016-09,ppi,0.1
2016-09,retail_sales,10.7
2016-09,sf_enterprise,6182.46
2016-09,sf_household,6427.95
2016-09,us_cpi,1.5
2016-10,cpi,2.1
2016-10,industrial_production,6.1
2016-10,lpr_1y,4.3
2016-10,m0,7.2
2016-10,m1,23.85
2016-10,m2,11.64
2016-10,pmi,50.4
2016-10,ppi,1.2
2016-10,retail_sales,10.0
2016-10,sf_enterprise,1684.37
2016-10,sf_household,4330.55
2016-10,us_cpi,1.6
2016-11,cpi,2.3
2016-11,industrial_production,6.2
2016-11,lpr_1y,4.3
2016-11,m0,7.58
2016-11,m1,22.65
2016-11,m2,11.39
2016-11,pmi,51.2
2016-11,ppi,3.3
2016-11,retail_sales,10.8
2016-11,sf_enterprise,1655.69
2016-11,sf_household,6795.56
2016-11,us_cpi,1.7
2016-12,cpi,2.1
2016-12,industrial_production,6.0
2016-12,lpr_1y,4.3
2016-12,m0,8.05
2016-12,m1,21.35
2016-12,m2,11.33
2016-12,pmi,51.7
2016-12,ppi,5.5
2016-12,retail_sales,10.9
2016-12,sf_enterprise,4981.68
2016-12,sf_household,4962.62
2016-12,us_cpi,2.1
2017-01,cpi,2.5
2017-01,lpr_1y,4.3
2017-01,m0,19.4
2017-01,m1,14.5
2017-01,m2,10.7
2017-01,pmi,51.4
2017-01,ppi,6.9
2017-01,sf_enterprise,15516.38
2017-01,sf_government,1.8
2017-01,sf_household,7610.28
2017-01,us_cpi,2.5
2017-02,cpi,0.8
2017-02,industrial_production,6.3
2017-02,lpr_1y,4.3
2017-02,m0,3.3
2017-02,m1,21.4
2017-02,m2,10.4
2017-02,pmi,51.3
2017-02,ppi,7.8
2017-02,sf_enterprise,7313.94
2017-02,sf_government,-1.7
2017-02,sf_household,3001.96
2017-02,us_cpi,2.7
2017-03,cpi,0.9
2017-03,industrial_production,7.6
2017-03,lpr_1y,4.3
2017-03,m0,6.1
2017-03,m1,18.8
2017-03,m2,10.1
2017-03,pmi,51.8
2017-03,ppi,7.6
2017-03,retail_sales,10.9
2017-03,sf_enterprise,3644.8
2017-03,sf_government,12.7
2017-03,sf_household,7946.84
2017-03,us_cpi,2.4
2017-04,cpi,1.2
2017-04,industrial_production,6.5
2017-04,lpr_1y,4.3
2017-04,m0,6.19
2017-04,m1,18.54
2017-04,m2,9.8
2017-04,pmi,51.2
2017-04,ppi,6.4
2017-04,retail_sales,10.7
2017-04,sf_enterprise,5086.67
2017-04,sf_government,30.4
2017-04,sf_household,5709.78
2017-04,us_cpi,2.2
2017-05,cpi,1.5
2017-05,industrial_production,6.5
2017-05,lpr_1y,4.3
2017-05,m0,7.3
2017-05,m1,17.0
2017-05,m2,9.1
2017-05,pmi,51.2
2017-05,ppi,5.5
2017-05,retail_sales,10.7
2017-05,sf_enterprise,5661.28
2017-05,sf_government,36.5
2017-05,sf_household,6106.28
2017-05,us_cpi,1.9
2017-06,cpi,1.5
2017-06,industrial_production,7.6
2017-06,lpr_1y,4.3
2017-06,m0,6.6
2017-06,m1,15.0
2017-06,m2,9.1
2017-06,pmi,51.7
2017-06,ppi,5.5
2017-06,retail_sales,11.0
2017-06,sf_enterprise,7004.17
2017-06,sf_government,25.4
2017-06,sf_household,7463.19
2017-06,us_cpi,1.6
2017-07,cpi,1.4
2017-07,industrial_production,6.4
2017-07,lpr_1y,4.3
2017-07,m0,6.1
2017-07,m1,15.3
2017-07,m2,8.9
2017-07,pmi,51.4
2017-07,ppi,5.5
2017-07,retail_sales,10.4
2017-07,sf_enterprise,3535.34
2017-07,sf_government,44.7
2017-07,sf_household,5615.7
2017-07,us_cpi,1.7
2017-08,cpi,1.8
2017-08,industrial_production,6.0
2017-08,lpr_1y,4.3
2017-08,m0,6.5
2017-08,m1,14.0
2017-08,m2,8.6
2017-08,pmi,51.7
2017-08,ppi,6.3
2017-08,retail_sales,10.1
2017-08,sf_enterprise,4830.33
2017-08,sf_government,21.6
2017-08,sf_household,6635.4
2017-08,us_cpi,1.9
2017-09,cpi,1.6
2017-09,industrial_production,6.6
2017-09,lpr_1y,4.3
2017-09,m0,7.2
2017-09,m1,14.0
2017-09,m2,9.0
2017-09,pmi,52.4
2017-09,ppi,6.9
2017-09,retail_sales,10.3
2017-09,sf_enterprise,4564.35
2017-09,sf_government,21.6
2017-09,sf_household,7321.62
2017-09,us_cpi,2.2
2017-10,cpi,1.9
2017-10,industrial_production,6.2
2017-10,lpr_1y,4.3
2017-10,m0,6.3
2017-10,m1,13.0
2017-10,m2,8.9
2017-10,pmi,51.6
2017-10,ppi,6.9
2017-10,retail_sales,10.0
2017-10,sf_enterprise,2141.9
2017-10,sf_government,31.3
2017-10,sf_household,4500.83
2017-10,us_cpi,2.0
2017-11,cpi,1.7
2017-11,industrial_production,6.1
2017-11,lpr_1y,4.3
2017-11,m0,5.7
2017-11,m1,12.7
2017-11,m2,9.1
2017-11,pmi,51.8
2017-11,ppi,5.8
2017-11,retail_sales,10.2
2017-11,sf_enterprise,5226.05
2017-11,sf_government,26.0
2017-11,sf_household,6205.39
2017-11,us_cpi,2.2
2017-12,cpi,1.8
2017-12,industrial_production,6.2
2017-12,lpr_1y,4.3
2017-12,m0,3.4
2017-12,m1,11.8
2017-12,m2,8.1
2017-12,pmi,51.6
2017-12,ppi,4.9
2017-12,retail_sales,9.4
2017-12,sf_enterprise,2450.03
2017-12,sf_government,15.2
2017-12,sf_household,3313.43
2017-12,us_cpi,2.1
2018-01,cpi,1.5
2018-01,lpr_1y,4.3
2018-01,m0,-13.81
2018-01,m1,14.97
2018-01,m2,8.62
2018-01,pmi,51.3
2018-01,ppi,4.3
2018-01,sf_enterprise,17551.41
2018-01,sf_government,0.0
2018-01,sf_household,9172.7
2018-01,us_cpi,2.1
2018-02,cpi,2.9
2018-02,industrial_production,7.2
2018-02,lpr_1y,4.3
2018-02,m0,13.5
2018-02,m1,8.5
2018-02,m2,8.8
2018-02,pmi,50.3
2018-02,ppi,3.7
2018-02,sf_enterprise,7446.94
2018-02,sf_government,1.5
2018-02,sf_household,2750.88
2018-02,us_cpi,2.2
2018-03,cpi,2.1
2018-03,industrial_production,6.0
2018-03,lpr_1y,4.3
2018-03,m0,6.0
2018-03,m1,7.1
2018-03,m2,8.2
2018-03,pmi,51.5
2018-03,ppi,3.1
2018-03,retail_sales,10.1
2018-03,sf_enterprise,5659.56
2018-03,sf_government,10.6
2018-03,sf_household,5764.17
2018-03,us_cpi,2.4
2018-04,cpi,1.8
2018-04,industrial_production,7.0
2018-04,lpr_1y,4.31
2018-04,m0,4.5
2018-04,m1,7.2
2018-04,m2,8.3
2018-04,pmi,51.4
2018-04,ppi,3.4
2018-04,retail_sales,9.4
2018-04,sf_enterprise,5725.77
2018-04,sf_government,23.8
2018-04,sf_household,5283.88
2018-04,us_cpi,2.5
2018-05,cpi,1.8
2018-05,industrial_production,6.8
2018-05,lpr_1y,4.31
2018-05,m0,3.6
2018-05,m1,6.0
2018-05,m2,8.3
2018-05,pmi,51.9
2018-05,ppi,4.1
2018-05,retail_sales,8.5
2018-05,sf_enterprise,5255.16
2018-05,sf_government,24.3
2018-05,sf_household,6142.71
2018-05,us_cpi,2.8
2018-06,cpi,1.9
2018-06,industrial_production,6.0
2018-06,lpr_1y,4.31
2018-06,m0,3.6
2018-06,m1,6.0
2018-06,m2,8.3
2018-06,pmi,51.5
2018-06,ppi,4.7
2018-06,retail_sales,9.0
2018-06,sf_enterprise,9736.84
2018-06,sf_government,32.0
2018-06,sf_household,7057.4
2018-06,us_cpi,2.9
2018-07,cpi,2.1
2018-07,industrial_production,6.0
2018-07,lpr_1y,4.31
2018-07,m0,3.6
2018-07,m1,5.1
2018-07,m2,8.5
2018-07,pmi,51.2
2018-07,ppi,4.6
2018-07,retail_sales,8.8
2018-07,sf_enterprise,6500.83
2018-07,sf_government,43.5
2018-07,sf_household,6343.66
2018-07,us_cpi,2.9
2018-08,cpi,2.3
2018-08,industrial_production,6.1
2018-08,lpr_1y,4.31
2018-08,m0,3.3
2018-08,m1,3.9
2018-08,m2,8.2
2018-08,pmi,51.3
2018-08,ppi,4.1
2018-08,retail_sales,9.0
2018-08,sf_enterprise,6126.53
2018-08,sf_government,35.9
2018-08,sf_household,7012.34
2018-08,us_cpi,2.7
2018-09,cpi,2.5
2018-09,industrial_production,5.8
2018-09,lpr_1y,4.31
2018-09,m0,2.2
2018-09,m1,4.0
2018-09,m2,8.3
2018-09,pmi,50.8
2018-09,ppi,3.6
2018-09,retail_sales,9.2
2018-09,sf_enterprise,6853.11
2018-09,sf_government,39.5
2018-09,sf_household,7479.97
2018-09,us_cpi,2.3
2018-10,cpi,2.5
2018-10,industrial_production,5.9
2018-10,lpr_1y,4.31
2018-10,m0,2.8
2018-10,m1,2.7
2018-10,m2,8.0
2018-10,pmi,50.2
2018-10,ppi,3.3
2018-10,retail_sales,8.6
2018-10,sf_enterprise,1502.86
2018-10,sf_government,31.8
2018-10,sf_household,5636.15
2018-10,us_cpi,2.5
2018-11,cpi,2.2
2018-11,industrial_production,5.4
2018-11,lpr_1y,4.31
2018-11,m0,2.8
2018-11,m1,1.5
2018-11,m2,8.0
2018-11,pmi,50.0
2018-11,ppi,2.7
2018-11,retail_sales,8.1
2018-11,sf_enterprise,5763.87
2018-11,sf_government,-1.5
2018-11,sf_household,6559.98
2018-11,us_cpi,2.2
2018-12,cpi,1.9
2018-12,industrial_production,5.7
2018-12,lpr_1y,4.31
2018-12,m0,3.6
2018-12,m1,1.5
2018-12,m2,8.1
2018-12,pmi,49.4
2018-12,ppi,0.9
2018-12,retail_sales,8.2
2018-12,sf_enterprise,4670.21
2018-12,sf_government,17.9
2018-12,sf_household,4593.26
2018-12,us_cpi,1.9
2019-01,cpi,1.7
2019-01,lpr_1y,4.31
2019-01,m0,17.2
2019-01,m1,0.4
2019-01,m2,8.4
2019-01,pmi,49.5
2019-01,ppi,0.1
2019-01,sf_enterprise,25747.75
2019-01,sf_government,3.6
2019-01,sf_household,9943.9
2019-01,us_cpi,1.6
2019-02,cpi,1.5
2019-02,industrial_production,5.3
2019-02,lpr_1y,4.31
2019-02,m0,-2.4
2019-02,m1,2.0
2019-02,m2,8.0
2019-02,pmi,49.2
2019-02,ppi,0.1
2019-02,sf_enterprise,8340.97
2019-02,sf_government,45.0
2019-02,sf_household,-705.94
2019-02,us_cpi,1.5
2019-03,cpi,2.3
2019-03,industrial_production,8.5
2019-03,lpr_1y,4.31
2019-03,m0,3.1
2019-03,m1,4.6
2019-03,m2,8.6
2019-03,pmi,50.5
2019-03,ppi,0.4
2019-03,retail_sales,8.7
2019-03,sf_enterprise,10670.84
2019-03,sf_government,11.5
2019-03,sf_household,8904.25
2019-03,us_cpi,1.9
2019-04,cpi,2.5
2019-04,industrial_production,5.4
2019-04,lpr_1y,4.31
2019-04,m0,3.5
2019-04,m1,2.9
2019-04,m2,8.5
2019-04,pmi,50.1
2019-04,ppi,0.9
2019-04,retail_sales,7.2
2019-04,sf_enterprise,3470.51
2019-04,sf_government,26.5
2019-04,sf_household,5257.78
2019-04,us_cpi,2.0
2019-05,cpi,2.7
2019-05,industrial_production,5.0
2019-05,lpr_1y,4.31
2019-05,m0,4.3
2019-05,m1,3.4
2019-05,m2,8.5
2019-05,pmi,49.4
2019-05,ppi,0.6
2019-05,retail_sales,8.6
2019-05,sf_enterprise,5223.87
2019-05,sf_government,22.5
2019-05,sf_household,6625.34
2019-05,us_cpi,1.8
2019-06,cpi,2.7
2019-06,industrial_production,6.3
2019-06,lpr_1y,4.31
2019-06,m0,4.3
2019-06,m1,4.4
2019-06,m2,8.5
2019-06,pmi,49.4
2019-06,ppi,0.0
2019-06,retail_sales,9.8
2019-06,sf_enterprise,9159.81
2019-06,sf_government,26.2
2019-06,sf_household,7581.57
2019-06,us_cpi,1.6
2019-07,cpi,2.8
2019-07,industrial_production,4.8
2019-07,lpr_1y,4.31
2019-07,m0,4.5
2019-07,m1,3.1
2019-07,m2,8.1
2019-07,pmi,49.7
2019-07,ppi,-0.3
2019-07,retail_sales,7.6
2019-07,sf_enterprise,2974.42
2019-07,sf_government,49.9
2019-07,sf_household,5112.42
2019-07,us_cpi,1.8
2019-08,cpi,2.8
2019-08,industrial_production,4.4
2019-08,lpr_1y,4.25
2019-08,lpr_5y,4.85
2019-08,m0,4.8
2019-08,m1,3.4
2019-08,m2,8.2
2019-08,pmi,49.5
2019-08,ppi,-0.8
2019-08,retail_sales,7.5
2019-08,sf_enterprise,6512.52
2019-08,sf_government,23.0
2019-08,sf_household,6538.18
2019-08,us_cpi,1.7
2019-09,cpi,3.0
2019-09,industrial_production,5.8
2019-09,lpr_1y,4.2
2019-09,lpr_5y,4.85
2019-09,m0,4.0
2019-09,m1,3.4
2019-09,m2,8.4
2019-09,pmi,49.8
2019-09,ppi,-1.2
2019-09,retail_sales,7.8
2019-09,sf_enterprise,10034.66
2019-09,sf_government,15.0
2019-09,sf_household,7565.73
2019-09,us_cpi,1.7
2019-10,cpi,3.8
2019-10,lpr_1y,4.2
2019-10,lpr_5y,4.85
2019-10,m0,4.7
2019-10,m1,3.3
2019-10,m2,8.4
2019-10,pmi,49.3
2019-10,ppi,-1.6
2019-10,retail_sales,7.2
2019-10,sf_enterprise,1262.01
2019-10,sf_government,21.6
2019-10,sf_household,4209.5
2019-10,us_cpi,1.8
2019-11,cpi,4.5
2019-11,industrial_production,6.2
2019-11,lpr_1y,4.15
2019-11,lpr_5y,4.8
2019-11,m0,4.8
2019-11,m1,3.5
2019-11,m2,8.2
2019-11,pmi,50.2
2019-11,ppi,-1.4
2019-11,retail_sales,8.0
2019-11,sf_enterprise,6793.64
2019-11,sf_government,8.6
2019-11,sf_household,6831.28
2019-11,us_cpi,2.1
2019-12,cpi,4.5
2019-12,industrial_production,6.9
2019-12,lpr_1y,4.15
2019-12,lpr_5y,4.8
2019-12,m0,5.4
2019-12,m1,4.4
2019-12,m2,8.7
2019-12,pmi,50.2
2019-12,ppi,-0.5
2019-12,retail_sales,8.0
2019-12,sf_enterprise,4256.97
2019-12,sf_government,17.0
2019-12,sf_household,6484.71
2019-12,us_cpi,2.3
2020-01,cpi,5.4
2020-01,lpr_1y,4.15
2020-01,lpr_5y,4.8
2020-01,m0,6.6
2020-01,m1,0.0
2020-01,m2,8.4
2020-01,pmi,50.0
2020-01,ppi,0.1
2020-01,sf_enterprise,28557.6
2020-01,sf_government,7613.0
2020-01,sf_household,6340.27
2020-01,us_cpi,2.5
2020-02,cpi,5.2
2020-02,industrial_production,-13.5
2020-02,lpr_1y,4.05
2020-02,lpr_5y,4.75
2020-02,m0,10.9
2020-02,m1,4.8
2020-02,m2,8.8
2020-02,pmi,35.7
2020-02,ppi,-0.4
2020-02,sf_enterprise,11332.91
2020-02,sf_government,1824.0
2020-02,sf_household,-4132.55
2020-02,us_cpi,2.3
2020-03,cpi,4.3
2020-03,industrial_production,-1.1
2020-03,lpr_1y,4.05
2020-03,lpr_5y,4.75
2020-03,m0,10.8
2020-03,m1,5.0
2020-03,m2,10.1
2020-03,pmi,52.0
2020-03,ppi,-1.5
2020-03,retail_sales,-15.8
2020-03,sf_enterprise,20516.7
2020-03,sf_government,6344.0
2020-03,sf_household,9865.49
2020-03,us_cpi,1.5
2020-04,cpi,3.3
2020-04,industrial_production,3.9
2020-04,lpr_1y,3.85
2020-04,lpr_5y,4.65
2020-04,m0,10.2
2020-04,m1,5.5
2020-04,m2,11.1
2020-04,pmi,50.8
2020-04,ppi,-3.1
2020-04,retail_sales,-7.5
2020-04,sf_enterprise,9562.7
2020-04,sf_government,3357.0
2020-04,sf_household,6669.05
2020-04,us_cpi,0.3
2020-05,cpi,2.4
2020-05,industrial_production,4.4
2020-05,lpr_1y,3.85
2020-05,lpr_5y,4.65
2020-05,m0,9.5
2020-05,m1,6.8
2020-05,m2,11.1
2020-05,pmi,50.6
2020-05,ppi,-3.7
2020-05,retail_sales,-2.8
2020-05,sf_enterprise,8458.9
2020-05,sf_government,11362.0
2020-05,sf_household,7042.53
2020-05,us_cpi,0.1
2020-06,cpi,2.5
2020-06,industrial_production,4.8
2020-06,lpr_1y,3.85
2020-06,lpr_5y,4.65
2020-06,m0,9.5
2020-06,m1,6.5
2020-06,m2,11.1
2020-06,pmi,50.9
2020-06,ppi,-3.0
2020-06,retail_sales,-1.8
2020-06,sf_enterprise,9254.47
2020-06,sf_government,7450.0
2020-06,sf_household,9774.8
2020-06,us_cpi,0.6
2020-07,cpi,2.7
2020-07,industrial_production,4.8
2020-07,lpr_1y,3.85
2020-07,lpr_5y,4.65
2020-07,m0,9.9
2020-07,m1,6.9
2020-07,m2,10.7
2020-07,pmi,51.1
2020-07,ppi,-2.4
2020-07,retail_sales,-1.1
2020-07,sf_enterprise,2645.21
2020-07,sf_government,5459.0
2020-07,sf_household,7577.59
2020-07,us_cpi,1.0
2020-08,cpi,2.4
2020-08,industrial_production,5.6
2020-08,lpr_1y,3.85
2020-08,lpr_5y,4.65
2020-08,m0,9.4
2020-08,m1,8.0
2020-08,m2,10.4
2020-08,pmi,51.0
2020-08,ppi,-2.0
2020-08,retail_sales,0.5
2020-08,sf_enterprise,5796.61
2020-08,sf_government,13788.0
2020-08,sf_household,8414.62
2020-08,us_cpi,1.3
2020-09,cpi,1.7
2020-09,industrial_production,6.9
2020-09,lpr_1y,3.85
2020-09,lpr_5y,4.65
2020-09,m0,11.1
2020-09,m1,8.1
2020-09,m2,10.9
2020-09,pmi,51.5
2020-09,ppi,-2.1
2020-09,retail_sales,3.3
2020-09,sf_enterprise,9485.31
2020-09,sf_government,10116.0
2020-09,sf_household,9687.95
2020-09,us_cpi,1.4
2020-10,cpi,0.5
2020-10,lpr_1y,3.85
2020-10,lpr_5y,4.65
2020-10,m0,10.4
2020-10,m1,9.1
2020-10,m2,10.5
2020-10,pmi,51.4
2020-10,ppi,-2.1
2020-10,retail_sales,4.3
2020-10,sf_enterprise,2335.43
2020-10,sf_government,4931.0
2020-10,sf_household,4330.53
2020-10,us_cpi,1.2
2020-11,cpi,-0.5
2020-11,industrial_production,7.0
2020-11,lpr_1y,3.85
2020-11,lpr_5y,4.65
2020-11,m0,10.3
2020-11,m1,10.0
2020-11,m2,10.7
2020-11,pmi,52.1
2020-11,ppi,-1.5
2020-11,retail_sales,5.0
2020-11,sf_enterprise,7812.45
2020-11,sf_government,4000.0
2020-11,sf_household,7534.22
2020-11,us_cpi,1.2
2020-12,cpi,0.2
2020-12,industrial_production,7.3
2020-12,lpr_1y,3.85
2020-12,lpr_5y,4.65
2020-12,m0,9.2
2020-12,m1,8.6
2020-12,m2,10.1
2020-12,pmi,51.9
2020-12,ppi,-0.4
2020-12,retail_sales,4.6
2020-12,sf_enterprise,5892.86
2020-12,sf_government,6973.0
2020-12,sf_household,5551.08
2020-12,us_cpi,1.4
2021-01,cpi,-0.3
2021-01,lpr_1y,3.85
2021-01,lpr_5y,4.65
2021-01,m0,-3.9
2021-01,m1,14.7
2021-01,m2,9.4
2021-01,pmi,51.3
2021-01,ppi,0.3
2021-01,sf_enterprise,25457.9
2021-01,sf_government,2437.0
2021-01,sf_household,12726.1
2021-01,us_cpi,1.4
2021-02,cpi,-0.2
2021-02,industrial_production,35.1
2021-02,lpr_1y,3.85
2021-02,lpr_5y,4.65
2021-02,m0,4.2
2021-02,m1,7.4
2021-02,m2,10.1
2021-02,pmi,50.6
2021-02,ppi,1.7
2021-02,sf_enterprise,11987.6
2021-02,sf_government,1017.0
2021-02,sf_household,1421.42
2021-02,us_cpi,1.7
2021-03,cpi,0.4
2021-03,industrial_production,14.1
2021-03,lpr_1y,3.85
2021-03,lpr_5y,4.65
2021-03,m0,4.2
2021-03,m1,7.1
2021-03,m2,9.4
2021-03,pmi,51.9
2021-03,ppi,4.4
2021-03,retail_sales,34.2
2021-03,sf_enterprise,16044.53
2021-03,sf_government,3131.0
2021-03,sf_household,11472.44
2021-03,us_cpi,2.6
2021-04,cpi,0.9
2021-04,industrial_production,9.8
2021-04,lpr_1y,3.85
2021-04,lpr_5y,4.65
2021-04,m0,5.3
2021-04,m1,6.2
2021-04,m2,8.1
2021-04,pmi,51.1
2021-04,ppi,6.8
2021-04,retail_sales,17.7
2021-04,sf_enterprise,7551.97
2021-04,sf_government,3739.0
2021-04,sf_household,5282.83
2021-04,us_cpi,4.2
2021-05,cpi,1.3
2021-05,industrial_production,8.8
2021-05,lpr_1y,3.85
2021-05,lpr_5y,4.65
2021-05,m0,5.6
2021-05,m1,6.1
2021-05,m2,8.3
2021-05,pmi,51.0
2021-05,ppi,9.0
2021-05,retail_sales,12.4
2021-05,sf_enterprise,8057.35
2021-05,sf_government,6701.0
2021-05,sf_household,6232.0
2021-05,us_cpi,5.0
2021-06,cpi,1.1
2021-06,industrial_production,8.3
2021-06,lpr_1y,3.85
2021-06,lpr_5y,4.65
2021-06,m0,6.2
2021-06,m1,5.5
2021-06,m2,8.6
2021-06,pmi,50.9
2021-06,ppi,8.8
2021-06,retail_sales,12.1
2021-06,sf_enterprise,14544.18
2021-06,sf_government,7508.0
2021-06,sf_household,8641.68
2021-06,us_cpi,5.4
2021-07,cpi,1.0
2021-07,industrial_production,6.4
2021-07,lpr_1y,3.85
2021-07,lpr_5y,4.65
2021-07,m0,6.1
2021-07,m1,4.9
2021-07,m2,8.3
2021-07,pmi,50.4
2021-07,ppi,9.0
2021-07,retail_sales,8.5
2021-07,sf_enterprise,4333.79
2021-07,sf_government,1820.0
2021-07,sf_household,4058.79
2021-07,us_cpi,5.4
2021-08,cpi,0.8
2021-08,industrial_production,5.3
2021-08,lpr_1y,3.85
2021-08,lpr_5y,4.65
2021-08,m0,6.3
2021-08,m1,4.2
2021-08,m2,8.2
2021-08,pmi,50.1
2021-08,ppi,9.5
2021-08,retail_sales,2.5
2021-08,sf_enterprise,6962.9
2021-08,sf_government,9738.0
2021-08,sf_household,5754.76
2021-08,us_cpi,5.3
2021-09,cpi,0.7
2021-09,industrial_production,3.1
2021-09,lpr_1y,3.85
2021-09,lpr_5y,4.65
2021-09,m0,5.5
2021-09,m1,3.7
2021-09,m2,8.3
2021-09,pmi,49.6
2021-09,ppi,10.7
2021-09,retail_sales,4.4
2021-09,sf_enterprise,9834.63
2021-09,sf_government,8066.0
2021-09,sf_household,7860.93
2021-09,us_cpi,5.4
2021-10,cpi,1.5
2021-10,industrial_production,3.5
2021-10,lpr_1y,3.85
2021-10,lpr_5y,4.65
2021-10,m0,6.2
2021-10,m1,2.8
2021-10,m2,8.7
2021-10,pmi,49.2
2021-10,ppi,13.5
2021-10,retail_sales,4.9
2021-10,sf_enterprise,3100.76
2021-10,sf_government,6167.0
2021-10,sf_household,4647.36
2021-10,us_cpi,6.2
2021-11,cpi,2.3
2021-11,industrial_production,3.8
2021-11,lpr_1y,3.85
2021-11,lpr_5y,4.65
2021-11,m0,7.2
2021-11,m1,3.0
2021-11,m2,8.5
2021-11,pmi,50.1
2021-11,ppi,12.9
2021-11,retail_sales,3.9
2021-11,sf_enterprise,5678.61
2021-11,sf_government,8158.0
2021-11,sf_household,7337.45
2021-11,us_cpi,6.8
2021-12,cpi,1.5
2021-12,industrial_production,4.3
2021-12,lpr_1y,3.8
2021-12,lpr_5y,4.65
2021-12,m0,7.7
2021-12,m1,3.5
2021-12,m2,9.0
2021-12,pmi,50.3
2021-12,ppi,10.3
2021-12,retail_sales,1.7
2021-12,sf_enterprise,6595.11
2021-12,sf_government,11674.0
2021-12,sf_household,3760.19
2021-12,us_cpi,7.0
2022-01,cpi,0.9
2022-01,lpr_1y,3.7
2022-01,lpr_5y,4.6
2022-01,m0,18.5
2022-01,m1,-1.9
2022-01,m2,9.8
2022-01,pmi,50.1
2022-01,ppi,9.1
2022-01,sf_enterprise,33351.61
2022-01,sf_government,6026.0
2022-01,sf_household,8384.9
2022-01,us_cpi,7.5
2022-02,cpi,0.9
2022-02,industrial_production,7.5
2022-02,lpr_1y,3.7
2022-02,lpr_5y,4.6
2022-02,m0,5.8
2022-02,m1,4.7
2022-02,m2,9.2
2022-02,ppi,8.8
2022-02,sf_enterprise,12437.04
2022-02,sf_government,2722.0
2022-02,sf_household,-3369.14
2022-02,us_cpi,7.9
2022-03,cpi,1.5
2022-03,industrial_production,5.0
2022-03,lpr_1y,3.7
2022-03,lpr_5y,4.6
2022-03,m0,10.0
2022-03,m1,4.7
2022-03,m2,9.7
2022-03,pmi,49.5
2022-03,ppi,8.3
2022-03,retail_sales,-3.5
2022-03,sf_enterprise,24796.82
2022-03,sf_government,7074.0
2022-03,sf_household,7538.44
2022-03,us_cpi,8.5
2022-04,cpi,2.1
2022-04,industrial_production,-2.9
2022-04,lpr_1y,3.7
2022-04,lpr_5y,4.6
2022-04,m0,11.5
2022-04,m1,5.1
2022-04,m2,10.5
2022-04,pmi,47.4
2022-04,ppi,8.0
2022-04,retail_sales,-11.1
2022-04,sf_enterprise,5783.69
2022-04,sf_government,3912.0
2022-04,sf_household,-2169.59
2022-04,us_cpi,8.3
2022-05,cpi,2.1
2022-05,industrial_production,0.7
2022-05,lpr_1y,3.7
2022-05,lpr_5y,4.45
2022-05,m0,13.5
2022-05,m1,4.6
2022-05,m2,11.1
2022-05,pmi,49.6
2022-05,ppi,6.4
2022-05,retail_sales,-6.7
2022-05,sf_enterprise,15348.1
2022-05,sf_government,10582.0
2022-05,sf_household,2887.92
2022-05,us_cpi,8.6
2022-06,cpi,2.5
2022-06,industrial_production,3.9
2022-06,lpr_1y,3.7
2022-06,lpr_5y,4.45
2022-06,m0,13.9
2022-06,m1,5.8
2022-06,m2,11.4
2022-06,pmi,50.2
2022-06,ppi,6.1
2022-06,retail_sales,3.1
2022-06,sf_enterprise,22028.06
2022-06,sf_government,16216.0
2022-06,sf_household,8522.74
2022-06,us_cpi,9.1
2022-07,cpi,2.7
2022-07,industrial_production,3.8
2022-07,lpr_1y,3.7
2022-07,lpr_5y,4.45
2022-07,m0,13.9
2022-07,m1,6.7
2022-07,m2,12.0
2022-07,pmi,49.0
2022-07,ppi,4.2
2022-07,retail_sales,2.7
2022-07,sf_enterprise,2877.2
2022-07,sf_government,3998.0
2022-07,sf_household,1216.95
2022-07,us_cpi,8.5
2022-08,cpi,2.5
2022-08,industrial_production,4.2
2022-08,lpr_1y,3.65
2022-08,lpr_5y,4.3
2022-08,m0,14.3
2022-08,m1,6.1
2022-08,m2,12.2
2022-08,pmi,49.4
2022-08,ppi,2.3
2022-08,retail_sales,5.4
2022-08,sf_enterprise,8750.19
2022-08,sf_government,3045.0
2022-08,sf_household,4579.6
2022-08,us_cpi,8.3
2022-09,cpi,2.8
2022-09,industrial_production,6.3
2022-09,lpr_1y,3.65
2022-09,lpr_5y,4.3
2022-09,m0,13.6
2022-09,m1,6.4
2022-09,m2,12.1
2022-09,pmi,50.1
2022-09,ppi,0.9
2022-09,retail_sales,2.5
2022-09,sf_enterprise,19175.3
2022-09,sf_government,5533.0
2022-09,sf_household,6507.95
2022-09,us_cpi,8.2
2022-10,cpi,2.1
2022-10,industrial_production,5.0
2022-10,lpr_1y,3.65
2022-10,lpr_5y,4.3
2022-10,m0,14.4
2022-10,m1,5.8
2022-10,m2,11.8
2022-10,pmi,49.2
2022-10,ppi,-1.3
2022-10,retail_sales,-0.5
2022-10,sf_enterprise,4625.93
2022-10,sf_government,2791.0
2022-10,sf_household,-180.26
2022-10,us_cpi,7.7
2022-11,cpi,1.6
2022-11,industrial_production,2.2
2022-11,lpr_1y,3.65
2022-11,lpr_5y,4.3
2022-11,m0,14.1
2022-11,m1,4.6
2022-11,m2,12.4
2022-11,pmi,48.0
2022-11,ppi,-1.3
2022-11,retail_sales,-5.9
2022-11,sf_enterprise,8836.87
2022-11,sf_government,6520.0
2022-11,sf_household,2627.32
2022-11,us_cpi,7.1
2022-12,cpi,1.8
2022-12,industrial_production,1.3
2022-12,lpr_1y,3.65
2022-12,lpr_5y,4.3
2022-12,m0,15.3
2022-12,m1,5.8
2022-12,m2,11.8
2022-12,pmi,47.0
2022-12,ppi,-0.7
2022-12,retail_sales,-1.8
2022-12,sf_enterprise,12659.91
2022-12,sf_government,2809.0
2022-12,sf_household,1733.48
2022-12,us_cpi,6.5
2023-01,cpi,2.1
2023-01,lpr_1y,3.65
2023-01,lpr_5y,4.3
2023-01,m0,7.9
2023-01,m1,6.7
2023-01,m2,12.6
2023-01,pmi,50.1
2023-01,ppi,-0.8
2023-01,sf_enterprise,46717.5
2023-01,sf_government,4140.0
2023-01,sf_household,10908.75
2023-01,us_cpi,6.4
2023-02,cpi,1.0
2023-02,industrial_production,2.4
2023-02,lpr_1y,3.65
2023-02,lpr_5y,4.3
2023-02,m0,10.6
2023-02,m1,5.8
2023-02,m2,12.9
2023-02,ppi,-1.4
2023-02,sf_enterprise,16096.19
2023-02,sf_government,8138.0
2023-02,sf_household,2081.3
2023-02,us_cpi,6.0
2023-03,cpi,0.7
2023-03,industrial_production,3.9
2023-03,lpr_1y,3.65
2023-03,lpr_5y,4.3
2023-03,m0,11.0
2023-03,m1,5.1
2023-03,m2,12.7
2023-03,pmi,51.9
2023-03,ppi,-2.5
2023-03,retail_sales,10.6
2023-03,sf_enterprise,27055.35
2023-03,sf_government,6015.0
2023-03,sf_household,12441.66
2023-03,us_cpi,5.0
2023-04,cpi,0.1
2023-04,industrial_production,5.6
2023-04,lpr_1y,3.65
2023-04,lpr_5y,4.3
2023-04,m0,10.7
2023-04,m1,5.3
2023-04,m2,12.4
2023-04,pmi,49.2
2023-04,ppi,-3.6
2023-04,retail_sales,18.4
2023-04,sf_enterprise,6838.78
2023-04,sf_government,4548.0
2023-04,sf_household,-2411.12
2023-04,us_cpi,4.9
2023-05,cpi,0.2
2023-05,industrial_production,3.5
2023-05,lpr_1y,3.65
2023-05,lpr_5y,4.3
2023-05,m0,9.6
2023-05,m1,4.7
2023-05,m2,11.6
2023-05,pmi,48.8
2023-05,ppi,-4.6
2023-05,retail_sales,12.7
2023-05,sf_enterprise,8558.19
2023-05,sf_government,5571.0
2023-05,sf_household,3671.53
2023-05,us_cpi,4.0
2023-06,cpi,0.0
2023-06,industrial_production,4.4
2023-06,lpr_1y,3.55
2023-06,lpr_5y,4.2
2023-06,m0,9.6
2023-06,m1,3.1
2023-06,m2,11.3
2023-06,pmi,49.0
2023-06,ppi,-5.4
2023-06,retail_sales,3.1
2023-06,sf_enterprise,22833.89
2023-06,sf_government,5371.0
2023-06,sf_household,9595.39
2023-06,us_cpi,3.0
2023-07,cpi,-0.3
2023-07,industrial_production,3.7
2023-07,lpr_1y,3.55
2023-07,lpr_5y,4.2
2023-07,m0,9.9
2023-07,m1,2.3
2023-07,m2,10.7
2023-07,pmi,49.3
2023-07,ppi,-4.4
2023-07,retail_sales,2.5
2023-07,sf_enterprise,2378.06
2023-07,sf_government,4109.0
2023-07,sf_household,-2006.61
2023-07,us_cpi,3.2
2023-08,cpi,0.1
2023-08,industrial_production,4.5
2023-08,lpr_1y,3.45
2023-08,lpr_5y,4.2
2023-08,m0,9.5
2023-08,m1,2.2
2023-08,m2,10.6
2023-08,pmi,49.7
2023-08,ppi,-3.0
2023-08,retail_sales,4.6
2023-08,sf_enterprise,9488.42
2023-08,sf_government,11759.0
2023-08,sf_household,3921.99
2023-08,us_cpi,3.7
2023-09,cpi,0.0
2023-09,industrial_production,4.5
2023-09,lpr_1y,3.45
2023-09,lpr_5y,4.2
2023-09,m0,10.7
2023-09,m1,2.1
2023-09,m2,10.3
2023-09,pmi,50.2
2023-09,ppi,-2.5
2023-09,retail_sales,5.5
2023-09,sf_enterprise,16736.82
2023-09,sf_government,9920.0
2023-09,sf_household,8645.68
2023-09,us_cpi,3.7
2023-10,cpi,-0.2
2023-10,industrial_production,4.6
2023-10,lpr_1y,3.45
2023-10,lpr_5y,4.2
2023-10,m0,10.2
2023-10,m1,1.9
2023-10,m2,10.3
2023-10,pmi,49.5
2023-10,ppi,-2.6
2023-10,retail_sales,7.6
2023-10,sf_enterprise,5163.09
2023-10,sf_government,15638.0
2023-10,sf_household,-345.63
2023-10,us_cpi,3.2
2023-11,cpi,-0.5
2023-11,industrial_production,6.6
2023-11,lpr_1y,3.45
2023-11,lpr_5y,4.2
2023-11,m0,10.4
2023-11,m1,1.3
2023-11,m2,10.0
2023-11,pmi,49.4
2023-11,ppi,-3.0
2023-11,retail_sales,10.1
2023-11,sf_enterprise,8221.32
2023-11,sf_government,11512.0
2023-11,sf_household,2925.01
2023-11,us_cpi,3.1
2023-12,cpi,-0.3
2023-12,industrial_production,6.8
2023-12,lpr_1y,3.45
2023-12,lpr_5y,4.2
2023-12,m0,8.3
2023-12,m1,1.3
2023-12,m2,9.7
2023-12,pmi,49.0
2023-12,ppi,-2.7
2023-12,retail_sales,7.4
2023-12,sf_enterprise,8935.92
2023-12,sf_government,9324.0
2023-12,sf_household,2169.87
2023-12,us_cpi,3.4
2024-01,cpi,-0.8
2024-01,lpr_1y,3.45
2024-01,lpr_5y,4.2
2024-01,m0,5.9
2024-01,m1,5.9
2024-01,m2,8.7
2024-01,pmi,49.2
2024-01,ppi,-2.5
2024-01,sf_enterprise,38419.46
2024-01,sf_government,2947.0
2024-01,sf_household,9931.94
2024-01,us_cpi,3.1
2024-02,cpi,0.7
2024-02,industrial_production,7.0
2024-02,lpr_1y,3.45
2024-02,lpr_5y,3.95
2024-02,m0,12.5
2024-02,m1,1.2
2024-02,m2,8.7
2024-02,ppi,-2.7
2024-02,sf_enterprise,15655.85
2024-02,sf_government,6011.0
2024-02,sf_household,-5906.34
2024-02,us_cpi,3.2
2024-03,cpi,0.1
2024-03,industrial_production,4.5
2024-03,lpr_1y,3.45
2024-03,lpr_5y,3.95
2024-03,m0,11.0
2024-03,m1,1.1
2024-03,m2,8.3
2024-03,pmi,50.8
2024-03,ppi,-2.8
2024-03,retail_sales,3.1
2024-03,sf_enterprise,23483.88
2024-03,sf_government,4626.0
2024-03,sf_household,9423.88
2024-03,us_cpi,3.5
2024-04,cpi,0.3
2024-04,industrial_production,6.7
2024-04,lpr_1y,3.45
2024-04,lpr_5y,3.95
2024-04,m0,10.8
2024-04,m1,-1.4
2024-04,m2,7.2
2024-04,pmi,50.4
2024-04,ppi,-2.5
2024-04,retail_sales,2.3
2024-04,sf_enterprise,8531.8
2024-04,sf_government,-937.0
2024-04,sf_household,-5184.37
2024-04,us_cpi,3.4
2024-05,cpi,0.3
2024-05,industrial_production,5.6
2024-05,lpr_1y,3.45
2024-05,lpr_5y,3.95
2024-05,m0,11.7
2024-05,m1,-4.2
2024-05,m2,7.0
2024-05,pmi,49.5
2024-05,ppi,-1.4
2024-05,retail_sales,3.7
2024-05,sf_enterprise,7449.16
2024-05,sf_government,12266.0
2024-05,sf_household,756.83
2024-05,us_cpi,3.3
2024-06,cpi,0.2
2024-06,industrial_production,5.3
2024-06,lpr_1y,3.45
2024-06,lpr_5y,3.95
2024-06,m0,11.7
2024-06,m1,-5.0
2024-06,m2,6.2
2024-06,pmi,49.5
2024-06,ppi,-0.8
2024-06,retail_sales,2.0
2024-06,sf_enterprise,16241.56
2024-06,sf_government,8476.0
2024-06,sf_household,5698.65
2024-06,us_cpi,3.0
2024-07,cpi,0.5
2024-07,industrial_production,5.1
2024-07,lpr_1y,3.35
2024-07,lpr_5y,3.85
2024-07,m0,12.0
2024-07,m1,-6.6
2024-07,m2,6.3
2024-07,pmi,49.4
2024-07,ppi,-0.8
2024-07,retail_sales,2.7
2024-07,sf_enterprise,1309.6
2024-07,sf_government,6881.0
2024-07,sf_household,-2119.06
2024-07,us_cpi,2.9
2024-08,cpi,0.6
2024-08,industrial_production,4.5
2024-08,lpr_1y,3.35
2024-08,lpr_5y,3.85
2024-08,m0,12.2
2024-08,m1,-7.3
2024-08,m2,6.3
2024-08,pmi,49.1
2024-08,ppi,-1.8
2024-08,retail_sales,2.1
2024-08,sf_enterprise,8479.35
2024-08,sf_government,16177.0
2024-08,sf_household,1962.97
2024-08,us_cpi,2.5
2024-09,cpi,0.4
2024-09,industrial_production,5.4
2024-09,lpr_1y,3.35
2024-09,lpr_5y,3.85
2024-09,m0,11.5
2024-09,m1,-7.4
2024-09,m2,6.8
2024-09,pmi,49.8
2024-09,ppi,-2.8
2024-09,retail_sales,3.2
2024-09,sf_enterprise,14804.21
2024-09,sf_government,15357.0
2024-09,sf_household,4941.38
2024-09,us_cpi,2.4
2024-10,cpi,0.3
2024-10,industrial_production,5.3
2024-10,lpr_1y,3.1
2024-10,lpr_5y,3.6
2024-10,m0,12.8
2024-10,m1,-6.1
2024-10,m2,7.5
2024-10,pmi,50.1
2024-10,ppi,-2.9
2024-10,retail_sales,4.8
2024-10,sf_enterprise,1360.72
2024-10,sf_government,10495.0
2024-10,sf_household,1598.14
2024-10,us_cpi,2.6
2024-11,cpi,0.2
2024-11,industrial_production,5.4
2024-11,lpr_1y,3.1
2024-11,lpr_5y,3.6
2024-11,m0,12.7
2024-11,m1,-3.7
2024-11,m2,7.1
2024-11,pmi,50.3
2024-11,ppi,-2.5
2024-11,retail_sales,3.0
2024-11,sf_enterprise,2521.01
2024-11,sf_government,13089.0
2024-11,sf_household,2695.26
2024-11,us_cpi,2.7
2024-12,cpi,0.1
2024-12,industrial_production,6.2
2024-12,lpr_1y,3.1
2024-12,lpr_5y,3.6
2024-12,m0,13.0
2024-12,m1,-1.4
2024-12,m2,7.3
2024-12,pmi,50.1
2024-12,ppi,-2.3
2024-12,retail_sales,3.7
2024-12,sf_enterprise,4829.52
2024-12,sf_government,17566.0
2024-12,sf_household,3577.2
2024-12,us_cpi,2.9
2025-01,cpi,0.5
2025-01,lpr_1y,3.1
2025-01,lpr_5y,3.6
2025-01,m0,17.2
2025-01,m1,0.4
2025-01,m2,7.0
2025-01,pmi,49.1
2025-01,ppi,-2.3
2025-01,sf_enterprise,47391.78
2025-01,sf_government,6933.0
2025-01,sf_household,4438.31
2025-01,us_cpi,3.0
2025-02,cpi,-0.7
2025-02,industrial_production,5.9
2025-02,lpr_1y,3.1
2025-02,lpr_5y,3.6
2025-02,m0,9.7
2025-02,m1,0.1
2025-02,m2,7.0
2025-02,ppi,-2.2
2025-02,sf_enterprise,10402.93
2025-02,sf_government,16939.0
2025-02,sf_household,-3891.6
2025-02,us_cpi,2.8
2025-03,cpi,-0.1
2025-03,industrial_production,7.7
2025-03,lpr_1y,3.1
2025-03,lpr_5y,3.6
2025-03,m0,11.5
2025-03,m1,1.6
2025-03,m2,7.0
2025-03,pmi,50.5
2025-03,ppi,-2.5
2025-03,retail_sales,5.9
2025-03,sf_enterprise,28378.8
2025-03,sf_government,14866.0
2025-03,sf_household,9888.43
2025-03,us_cpi,2.4
2025-04,cpi,-0.1
2025-04,industrial_production,6.1
2025-04,lpr_1y,3.1
2025-04,lpr_5y,3.6
2025-04,m0,12.0
2025-04,m1,1.5
2025-04,m2,8.0
2025-04,pmi,49.0
2025-04,ppi,-2.7
2025-04,retail_sales,5.1
2025-04,sf_enterprise,6116.07
2025-04,sf_government,9729.0
2025-04,sf_household,-5250.75
2025-04,us_cpi,2.3
2025-05,cpi,-0.1
2025-05,industrial_production,5.8
2025-05,lpr_1y,3.0
2025-05,lpr_5y,3.5
2025-05,m0,12.1
2025-05,m1,2.3
2025-05,m2,7.9
2025-05,pmi,49.5
2025-05,ppi,-3.3
2025-05,retail_sales,6.4
2025-05,sf_enterprise,5357.43
2025-05,sf_government,14585.0
2025-05,sf_household,539.43
2025-05,us_cpi,2.4
2025-06,cpi,0.1
2025-06,industrial_production,6.8
2025-06,lpr_1y,3.0
2025-06,lpr_5y,3.5
2025-06,m0,12.0
2025-06,m1,4.6
2025-06,m2,8.3
2025-06,pmi,49.7
2025-06,ppi,-3.6
2025-06,retail_sales,4.8
2025-06,sf_enterprise,17642.03
2025-06,sf_government,13508.0
2025-06,sf_household,5976.76
2025-06,us_cpi,2.7
2025-07,cpi,0.0
2025-07,industrial_production,5.7
2025-07,lpr_1y,3.0
2025-07,lpr_5y,3.5
2025-07,m0,11.8
2025-07,m1,5.6
2025-07,m2,8.8
2025-07,pmi,49.3
2025-07,ppi,-3.6
2025-07,retail_sales,3.7
2025-07,sf_enterprise,582.13
2025-07,sf_government,12482.0
2025-07,sf_household,-4893.04
2025-07,us_cpi,2.7
2025-08,cpi,-0.4
2025-08,industrial_production,5.2
2025-08,lpr_1y,3.0
2025-08,lpr_5y,3.5
2025-08,m0,11.7
2025-08,m1,6.0
2025-08,m2,8.8
2025-08,pmi,49.4
2025-08,ppi,-2.9
2025-08,retail_sales,3.4
2025-08,sf_enterprise,5949.11
2025-08,sf_government,13672.0
2025-08,sf_household,302.76
2025-08,us_cpi,2.9
2025-09,cpi,-0.3
2025-09,industrial_production,6.5
2025-09,lpr_1y,3.0
2025-09,lpr_5y,3.5
2025-09,m0,11.5
2025-09,m1,7.2
2025-09,m2,8.4
2025-09,pmi,49.8
2025-09,ppi,-2.3
2025-09,retail_sales,3.0
2025-09,sf_enterprise,12170.68
2025-09,sf_government,11893.0
2025-09,sf_household,3919.63
2025-09,us_cpi,3.0
2025-10,cpi,0.2
2025-10,industrial_production,4.9
2025-10,lpr_1y,3.0
2025-10,lpr_5y,3.5
2025-10,m0,10.6
2025-10,m1,6.2
2025-10,m2,8.2
2025-10,pmi,49.0
2025-10,ppi,-2.1
2025-10,retail_sales,2.9
2025-10,sf_enterprise,3475.43
2025-10,sf_government,4852.0
2025-10,sf_household,-3633.75
2025-11,cpi,0.7
2025-11,industrial_production,4.8
2025-11,lpr_1y,3.0
2025-11,lpr_5y,3.5
2025-11,m0,10.6
2025-11,m1,4.9
2025-11,m2,8.0
2025-11,pmi,49.2
2025-11,ppi,-2.2
2025-11,retail_sales,1.3
2025-11,sf_enterprise,6150.41
2025-11,sf_government,12077.0
2025-11,sf_household,-2062.56
2025-11,us_cpi,2.7
2025-12,cpi,0.8
2025-12,industrial_production,5.2
2025-12,lpr_1y,3.0
2025-12,lpr_5y,3.5
2025-12,m0,10.2
2025-12,m1,3.8
2025-12,m2,8.5
2025-12,pmi,50.1
2025-12,ppi,-1.9
2025-12,retail_sales,0.9
2025-12,sf_enterprise,10719.39
2025-12,sf_government,6833.0
2025-12,sf_household,-916.77
2025-12,us_cpi,2.7
2026-01,cpi,0.2
2026-01,lpr_1y,3.0
2026-01,lpr_5y,3.5
2026-01,m0,2.7
2026-01,m1,4.9
2026-01,m2,9.0
2026-01,pmi,49.3
2026-01,ppi,-1.4
2026-01,sf_enterprise,44450.48
2026-01,sf_government,9764.0
2026-01,sf_household,4565.06
2026-01,us_cpi,2.4
2026-02,cpi,1.3
2026-02,industrial_production,6.3
2026-02,lpr_1y,3.0
2026-02,lpr_5y,3.5
2026-02,m0,14.1
2026-02,m1,5.9
2026-02,m2,9.0
2026-02,pmi,49.0
2026-02,pmi_caixin,52.1
2026-02,ppi,-0.9
2026-02,sf_enterprise,14956.07
2026-02,sf_government,14014.0
2026-02,sf_household,-6506.93
2026-02,us_cpi,2.4
2026-03,capacity_utilization,73.6
2026-03,cpi,1.0
2026-03,industrial_production,5.7
2026-03,lpr_1y,3.0
2026-03,lpr_5y,3.5
2026-03,m0,12.5
2026-03,m1,5.1
2026-03,m2,8.5
2026-03,pmi,50.4
2026-03,pmi_caixin,50.8
2026-03,ppi,0.5
2026-03,retail_sales,1.7
2026-03,sf_enterprise,26607.67
2026-03,sf_government,11658.0
2026-03,sf_household,4908.94
2026-03,us_cpi,3.3
2026-04,cpi,1.2
2026-04,industrial_production,4.1
2026-04,lpr_1y,3.0
2026-04,lpr_5y,3.5
2026-04,m0,12.2
2026-04,m1,5.0
2026-04,m2,8.6
2026-04,pmi,50.3
2026-04,pmi_caixin,52.2
2026-04,ppi,2.8
2026-04,retail_sales,0.2
2026-04,sf_enterprise,3880.55
2026-04,sf_government,9041.0
2026-04,sf_household,-7869.71
2026-04,us_cpi,3.8
2026-05,cpi,1.2
2026-05,industrial_production,4.1
2026-05,lpr_1y,3.0
2026-05,lpr_5y,3.5
2026-05,m0,11.9
2026-05,m1,5.5
2026-05,m2,8.6
2026-05,pmi,50.0
2026-05,pmi_caixin,51.8
2026-05,ppi,3.9
2026-05,retail_sales,-0.6
2026-05,sf_enterprise,6374.31
2026-05,sf_government,12236.0
2026-05,sf_household,-1411.8
2026-05,us_cpi,4.2
